종목코드,탭코드,종목명,현재가,등락구분,전일비,등락률,순자산가치(NAV),3개월수익률,거래량,거래대금(백만),시가총액(억),유형,브랜드,인버스,레버리지,환헤지
069500,1,KODEX 200,43130,2,355,0.83,43214.0,39.9522,8521906,366352,62625,국내 시장지수,KODEX,False,False,False
102110,1,TIGER 200,42970,2,360,0.84,43038.0,39.971,1650818,70651,31347,국내 시장지수,TIGER,False,False,False
252670,3,KODEX 200선물인버스2X,2055,5,-35,-1.67,2051.0,-51.2821,642008913,1329284,20227,국내 파생,KODEX,True,False,False
122630,3,KODEX 레버리지,27825,2,475,1.74,28022.0,92.0646,46157932,1275107,19088,국내 파생,KODEX,False,True,False
102780,2,KODEX 삼성그룹,10530,2,70,0.67,10545.0,37.6315,612363,6415,18522,국내 업종/테마,KODEX,False,False,False
278530,1,KODEX 200TR,13900,2,125,0.91,13910.0,40.1322,358712,4968,17577,국내 시장지수,KODEX,False,False,False
153130,6,KODEX 단기채권,102690,2,10,0.01,102685.0,0.1316,15291,1570,17437,채권,KODEX,False,False,False
278540,1,KODEX MSCI Korea TR,13900,2,85,0.62,13948.0,40.8975,276979,3854,17278,국내 시장지수,KODEX,False,False,False
310970,1,TIGER MSCI Korea TR,17525,2,150,0.86,17518.0,41.3176,207514,3620,16491,국내 시장지수,TIGER,False,False,False
273130,6,KODEX 종합채권(AA-이상)액티브,109870,2,15,0.01,109830.0,-0.4576,6949,763,14997,채권,KODEX,False,False,False
148020,1,KBSTAR 200,43265,2,400,0.93,43308.0,40.1412,654373,28209,13153,국내 시장지수,KBSTAR,False,False,False
114800,3,KODEX 인버스,3865,5,-35,-0.9,3868.0,-29.6664,104465568,405762,12252,국내 파생,KODEX,True,False,False
233740,1,KODEX 코스닥150 레버리지,16205,2,125,0.78,16339.0,47.5906,16490755,263501,11651,국내 시장지수,KODEX,False,True,False
305720,2,KODEX 2차전지산업,20175,2,325,1.64,20250.0,74.4288,4103690,82498,10390,국내 업종/테마,KODEX,False,False,False
152100,1,ARIRANG 200,43450,2,360,0.84,43534.0,40.1574,130861,5679,8581,국내 시장지수,ARIRANG,False,False,False
292150,2,TIGER TOP10,15440,2,185,1.21,15436.0,48.3228,878431,13482,8376,국내 업종/테마,TIGER,False,False,False
139260,2,TIGER 200 IT,40980,2,425,1.05,40976.0,58.9768,433317,17640,8171,국내 업종/테마,TIGER,False,False,False
214980,6,KODEX 단기채권PLUS,102950,2,10,0.01,102944.0,0.1605,4787,492,8146,채권,KODEX,False,False,False
105190,1,KINDEX 200,43425,2,385,0.89,43485.0,40.1497,284592,12286,7708,국내 시장지수,KINDEX,False,False,False
364980,2,TIGER KRX2차전지K-뉴딜,18515,2,255,1.4,18514.0,87.0901,2648744,48749,7600,국내 업종/테마,TIGER,False,False,False
305540,2,TIGER 2차전지테마,18315,2,290,1.61,18387.0,69.1694,2867117,52278,6969,국내 업종/테마,TIGER,False,False,False
157450,6,TIGER 단기통안채,100065,2,5,0.0,100062.0,0.115,5066,506,6632,채권,TIGER,False,False,False
069660,1,KOSEF 200,43290,2,375,0.87,43357.0,40.1306,177623,7657,6580,국내 시장지수,KOSEF,False,False,False
293180,1,HANARO 200,43130,2,345,0.81,43200.0,40.0124,55121,2370,6426,국내 시장지수,HANARO,False,False,False
133690,4,TIGER 미국나스닥100,67650,2,1040,1.56,,18.4493,118273,7975,6359,해외 주식,TIGER,False,False,False
294400,1,KOSEF 200TR,50440,2,415,0.83,50525.0,40.2242,18814,946,4767,국내 시장지수,KOSEF,False,False,False
295040,1,SMART 200TR,14435,2,110,0.77,14467.0,40.3723,26535,381,4612,국내 시장지수,SMART,False,False,False
332940,1,HANARO MSCI Korea TR,17500,2,205,1.19,17505.0,40.4955,55,0,4463,국내 시장지수,HANARO,False,False,False
357870,7,TIGER CD금리투자KIS(합성),50195,3,0,0.0,50197.0,0.1496,13,0,4397,기타,TIGER,False,False,False
371460,4,TIGER 차이나전기차SOLACTIVE,13660,2,210,1.56,,,2183188,29844,4393,해외 주식,TIGER,False,False,False
364960,2,TIGER KRX BBIG K-뉴딜,13885,2,105,0.76,13931.0,42.4289,1452332,20077,4277,국내 업종/테마,TIGER,False,False,False
251340,3,KODEX 코스닥150선물인버스,4440,5,-15,-0.34,4453.0,-20.5883,55943952,250588,4245,국내 파생,KODEX,True,False,False
261220,5,KODEX WTI원유선물(H),8215,2,105,1.29,,52.0149,1846418,15192,4025,원자재,KODEX,False,False,True
315930,2,KODEX Top5PlusTR,19445,2,175,0.91,19430.0,39.2844,9133,176,4006,국내 업종/테마,KODEX,False,False,False
226490,1,KODEX 코스피,31925,2,405,1.28,31927.0,36.6276,171220,5436,3863,국내 시장지수,KODEX,False,False,False
229200,1,KODEX 코스닥 150,15090,2,75,0.5,15192.0,22.3716,2836019,42442,3840,국내 시장지수,KODEX,False,False,False
314250,4,KODEX 미국FANG플러스(H),27280,2,480,1.79,,25.0583,340070,9245,3819,해외 주식,KODEX,False,False,True
251350,4,KODEX 선진국MSCI World,16945,2,150,0.89,,16.6724,18646,315,3796,해외 주식,KODEX,False,False,False
091180,2,KODEX 자동차,26230,2,1220,4.88,26246.0,58.8945,2994541,78317,3685,국내 업종/테마,KODEX,False,False,False
192090,4,TIGER 차이나CSI300,12470,2,10,0.08,,16.8307,579804,7238,3566,해외 주식,TIGER,False,False,False
332500,1,KINDEX 200TR,25880,2,230,0.9,25902.0,40.2022,25954,667,3416,국내 시장지수,KINDEX,False,False,False
232080,1,TIGER 코스닥150,15160,2,65,0.43,15270.0,22.1772,121785,1833,2532,국내 시장지수,TIGER,False,False,False
132030,5,KODEX 골드선물(H),12565,5,-125,-0.99,,-2.1966,218169,2743,2463,원자재,KODEX,False,False,True
275980,4,TIGER 글로벌4차산업혁신기술(합성 H),18030,2,205,1.15,,24.6939,146328,2627,2452,해외 주식,TIGER,False,False,True
148070,6,KOSEF 국고채10년,122485,5,-50,-0.04,122467.0,-0.7252,6511,797,2450,채권,KOSEF,False,False,False
290130,2,KBSTAR ESG사회책임투자,14340,2,175,1.24,14336.0,44.3934,691445,9881,2330,국내 업종/테마,KBSTAR,False,False,False
168580,4,KINDEX 중국본토CSI300,33380,2,185,0.56,,17.7545,13784,459,2170,해외 주식,KINDEX,False,False,False
091170,2,KODEX 은행,6110,5,-25,-0.41,6145.0,6.8815,506740,3114,2145,국내 업종/테마,KODEX,False,False,False
278240,1,KBSTAR 코스닥150선물레버리지,16290,2,80,0.49,16279.0,48.9889,138450,2230,2110,국내 시장지수,KBSTAR,False,True,False
306540,6,HANARO 단기통안채,102920,3,0,0.0,102931.0,0.1118,0,0,2047,채권,HANARO,False,False,False
245710,4,KINDEX 베트남VN30(합성),15590,2,540,3.59,,17.3489,309226,4773,2042,해외 주식,KINDEX,False,False,False
367770,2,KBSTAR Fn수소경제테마,13840,2,270,1.99,13838.0,36.3134,1423245,19644,1861,국내 업종/테마,KBSTAR,False,False,False
328370,1,ARIRANG 코스피TR,15680,2,240,1.55,15679.0,37.0008,15674,243,1850,국내 시장지수,ARIRANG,False,False,False
302450,1,KBSTAR 코스피,32020,2,340,1.07,32013.0,37.5895,82,2,1841,국내 시장지수,KBSTAR,False,False,False
270810,1,KBSTAR 코스닥150,14845,2,100,0.68,14951.0,21.2582,14403,211,1820,국내 시장지수,KBSTAR,False,False,False
332930,1,HANARO 200TR,50535,2,570,1.14,50579.0,39.8796,3837,193,1693,국내 시장지수,HANARO,False,False,False
325020,2,KODEX 배당가치,12825,2,150,1.18,12815.0,28.2245,142218,1810,1693,국내 업종/테마,KODEX,False,False,False
150460,2,TIGER 중국소비테마,7915,2,10,0.13,7915.0,20.8715,73948,582,1691,국내 업종/테마,TIGER,False,False,False
204480,4,TIGER 차이나CSI300레버리지(합성),36810,2,210,0.57,,43.9244,420860,15479,1620,해외 주식,TIGER,False,True,False
272580,6,TIGER 단기채권액티브,50040,2,5,0.01,50036.0,0.1,2799,140,1605,채권,TIGER,False,False,False
161510,2,ARIRANG 고배당주,10560,2,35,0.33,10607.0,11.1991,46658,492,1603,국내 업종/테마,ARIRANG,False,False,False
091160,2,KODEX 반도체,36065,2,95,0.26,36203.0,43.9087,292684,10521,1497,국내 업종/테마,KODEX,False,False,False
196230,6,KBSTAR 단기통안채,104265,2,10,0.01,104264.0,0.1537,1282477,133711,1487,채권,KBSTAR,False,False,False
143860,2,TIGER 헬스케어,49890,5,-445,-0.88,50147.0,20.6206,67025,3325,1407,국내 업종/테마,TIGER,False,False,False
143850,4,TIGER 미국S&P500선물(H),44725,2,595,1.35,,15.8723,55436,2476,1398,해외 주식,TIGER,False,False,True
144600,5,KODEX 은선물(H),5570,5,-415,-6.93,,19.1044,3489736,19557,1387,원자재,KODEX,False,False,True
190620,6,KINDEX 단기통안채,100155,3,0,0.0,100158.0,0.1239,591,59,1382,채권,KINDEX,False,False,False
267770,3,TIGER 200선물레버리지,20835,2,335,1.63,20890.0,91.4098,2167499,44714,1354,국내 파생,TIGER,False,True,False
360750,4,TIGER 미국S&P500,10785,2,125,1.17,,14.0961,196555,2117,1337,해외 주식,TIGER,False,False,False
139280,2,TIGER 경기방어,12900,5,-55,-0.42,12902.0,19.7873,35099,449,1269,국내 업종/테마,TIGER,False,False,False
325010,2,KODEX Fn성장,19195,2,145,0.76,19170.0,41.0066,4240,80,1267,국내 업종/테마,KODEX,False,False,False
138540,2,TIGER 현대차그룹+펀더멘털,28115,2,1110,4.11,28138.0,48.8699,328104,9256,1243,국내 업종/테마,TIGER,False,False,False
360200,4,KINDEX 미국S&P500,10860,2,125,1.16,,14.0322,116912,1267,1205,해외 주식,KINDEX,False,False,False
367380,4,KINDEX 미국나스닥100,11620,2,180,1.57,,18.2795,131991,1527,1197,해외 주식,KINDEX,False,False,False
273140,6,KODEX 단기변동금리부채권액티브,102415,2,15,0.01,102412.0,0.1515,960,98,1169,채권,KODEX,False,False,False
233160,1,TIGER 코스닥150 레버리지,17175,2,105,0.62,17307.0,47.6005,256576,4350,1142,국내 시장지수,TIGER,False,True,False
176950,6,KODEX 국채선물10년인버스,46335,2,25,0.05,46350.0,1.1356,222,10,1134,채권,KODEX,True,False,False
252710,3,TIGER 200선물인버스2X,2125,5,-35,-1.62,2123.0,-51.2416,5765820,12333,1120,국내 파생,TIGER,True,False,False
130680,5,TIGER 원유선물Enhanced(H),2470,2,30,1.23,,39.828,884160,2189,1091,원자재,TIGER,False,False,True
219480,4,KODEX 미국S&P500선물(H),18380,2,235,1.3,,15.7575,59547,1093,1084,해외 주식,KODEX,False,False,True
108450,2,KINDEX 삼성그룹섹터가중,16910,5,-5,-0.03,16984.0,39.6203,4275,71,1082,국내 업종/테마,KINDEX,False,False,False
156080,1,KODEX MSCI Korea,20585,2,50,0.24,20715.0,41.0855,195,4,1029,국내 시장지수,KODEX,False,False,False
282000,3,KBSTAR 국고채3년선물인버스,99425,5,-20,-0.02,99422.0,-0.0252,13,1,1026,국내 파생,KBSTAR,True,False,False
368190,2,HANARO Fn K-뉴딜디지털플러스,13750,2,125,0.92,13801.0,,472127,6458,1024,국내 업종/테마,HANARO,False,False,False
371160,4,TIGER 차이나항셍테크,12585,2,70,0.56,,,565970,7104,1007,해외 주식,TIGER,False,False,False
367760,2,KBSTAR Fn5G테크,12315,2,75,0.61,12331.0,24.5167,127617,1568,985,국내 업종/테마,KBSTAR,False,False,False
091230,2,TIGER 반도체,37090,2,220,0.6,37077.0,43.2679,71687,2638,979,국내 업종/테마,TIGER,False,False,False
283580,4,KODEX 중국본토CSI300,15015,2,40,0.27,,17.2211,42542,638,961,해외 주식,KODEX,False,False,False
315960,2,KBSTAR 대형고배당10TR,16730,2,195,1.18,16716.0,39.5358,4489,75,954,국내 업종/테마,KBSTAR,False,False,False
225040,4,TIGER 미국S&P500레버리지(합성 H),25580,2,705,2.83,,32.8792,20028,510,946,해외 주식,TIGER,False,True,True
114260,6,KODEX 국고채3년,58140,2,15,0.03,58161.0,0.1464,14536,845,942,채권,KODEX,False,False,False
302190,6,TIGER 중장기국채,52795,2,30,0.06,52777.0,-0.3852,3596,189,898,채권,TIGER,False,False,False
292190,1,KODEX KRX300,19940,2,185,0.94,19949.0,38.2435,70633,1402,857,국내 시장지수,KODEX,False,False,False
195930,4,TIGER 유로스탁스50(합성 H),12120,2,245,2.06,,19.2269,17732,214,848,해외 주식,TIGER,False,False,True
364970,2,TIGER KRX바이오K-뉴딜,12160,5,-105,-0.86,12165.0,22.1005,312086,3777,845,국내 업종/테마,TIGER,False,False,False
272560,6,KBSTAR 단기국공채액티브,101795,2,10,0.01,101791.0,0.2462,1152,117,799,채권,KBSTAR,False,False,False
245360,4,TIGER 차이나HSCEI,13495,5,-100,-0.74,,14.7257,22548,303,783,해외 주식,TIGER,False,False,False
102970,2,KODEX 증권,7915,2,60,0.76,7911.0,24.8807,140449,1110,712,국내 업종/테마,KODEX,False,False,False
195980,4,ARIRANG 신흥국MSCI(합성 H),13410,2,95,0.71,,23.9181,45635,609,705,해외 주식,ARIRANG,False,False,True
292500,1,SMART KRX300,19880,2,125,0.63,19922.0,38.8752,9503,188,696,국내 시장지수,SMART,False,False,False
261240,7,KODEX 미국달러선물,9880,5,-10,-0.1,9882.0,-1.3959,169488,1673,684,기타,KODEX,False,False,False
372330,4,KODEX 차이나항셍테크,12610,2,55,0.44,,,610555,7688,668,해외 주식,KODEX,False,False,False
256750,4,KODEX 심천ChiNext(합성),14135,2,155,1.11,,22.0427,96199,1362,664,해외 주식,KODEX,False,False,False
182480,7,TIGER 미국MSCI리츠(합성 H),12435,2,65,0.53,,16.1066,15436,192,659,기타,TIGER,False,False,True
371470,4,TIGER 차이나바이오테크SOLACTIVE,13280,2,185,1.41,,,263913,3477,659,해외 주식,TIGER,False,False,False
310960,1,TIGER 200TR,22615,2,185,0.82,22667.0,40.0561,1505,33,656,국내 시장지수,TIGER,False,False,False
277630,1,TIGER 코스피,31770,2,325,1.03,31888.0,36.9436,4759,150,651,국내 시장지수,TIGER,False,False,False
114820,6,TIGER 국채3년,111300,2,55,0.05,111305.0,0.2297,499,55,634,채권,TIGER,False,False,False
336160,6,KBSTAR 금융채액티브,103450,2,80,0.08,103420.0,0.5789,11,1,631,채권,KBSTAR,False,False,False
363580,2,KODEX 200IT TR,15300,2,125,0.82,15341.0,58.8173,6502,99,627,국내 업종/테마,KODEX,False,False,False
157490,2,TIGER 소프트웨어,16950,2,445,2.7,16975.0,25.561,227965,3832,627,국내 업종/테마,TIGER,False,False,False
326240,2,KBSTAR IT플러스,21925,2,230,1.06,21995.0,42.2622,182470,3983,627,국내 업종/테마,KBSTAR,False,False,False
219390,4,KBSTAR 미국S&P원유생산기업(합성 H),3005,3,0,0.0,,59.8404,223531,670,624,해외 주식,KBSTAR,False,False,True
329200,2,TIGER 부동산인프라고배당,4980,2,15,0.3,5006.0,6.8661,77959,387,618,국내 업종/테마,TIGER,False,False,False
289260,2,TIGER MSCI KOREA ESG리더스,12390,2,150,1.23,12402.0,41.5028,12131,149,610,국내 업종/테마,TIGER,False,False,False
243880,2,TIGER 200IT레버리지,75190,2,990,1.33,75796.0,147.3333,28875,2160,602,국내 업종/테마,TIGER,False,True,False
298770,4,KODEX 한국대만IT프리미어,20050,2,65,0.33,,42.2419,224856,4510,602,해외 주식,KODEX,False,False,False
266360,2,KODEX 미디어&엔터테인먼트,22170,2,480,2.21,22169.0,24.7268,51358,1126,599,국내 업종/테마,KODEX,False,False,False
136340,6,KBSTAR 중기우량회사채,105520,2,20,0.02,105492.0,0.9501,1381,145,591,채권,KBSTAR,False,False,False
266370,2,KODEX IT,22290,2,270,1.23,22284.0,50.5126,33465,742,580,국내 업종/테마,KODEX,False,False,False
304780,1,HANARO 200선물레버리지,30260,2,475,1.59,30346.0,91.9755,3493,103,575,국내 시장지수,HANARO,False,True,False
123310,3,TIGER 인버스,4255,5,-40,-0.93,4263.0,-29.5902,777440,3322,570,국내 파생,TIGER,True,False,False
337140,2,KODEX 코스피대형주,15185,2,90,0.6,15247.0,39.5101,1472,22,547,국내 업종/테마,KODEX,False,False,False
174360,4,KBSTAR 중국본토대형주CSI100,23580,2,70,0.3,,18.6175,62430,1463,542,해외 주식,KBSTAR,False,False,False
137610,5,TIGER 농산물선물Enhanced(H),5560,5,-55,-0.98,,22.7322,63030,350,500,원자재,TIGER,False,False,True
130730,6,KOSEF 단기자금,100905,2,10,0.01,100906.0,0.1429,237193,23933,485,채권,KOSEF,False,False,False
122260,6,KOSEF 통안채1년,101120,2,15,0.01,101115.0,0.2508,546820,55286,475,채권,KOSEF,False,False,False
305080,6,TIGER 미국채10년선물,11655,5,-35,-0.3,,-2.38,44710,520,466,채권,TIGER,False,False,False
292050,1,KBSTAR KRX300,20105,2,210,1.06,20102.0,38.4963,10624,212,462,국내 시장지수,KBSTAR,False,False,False
365000,2,TIGER KRX인터넷K-뉴딜,11515,2,235,2.08,11583.0,18.8619,129331,1477,461,국내 업종/테마,TIGER,False,False,False
245340,4,TIGER 미국다우존스30,17225,2,220,1.29,,12.8925,20446,351,448,해외 주식,TIGER,False,False,False
117700,2,KODEX 건설,3230,2,110,3.53,3229.0,36.8421,775675,2465,439,국내 업종/테마,KODEX,False,False,False
359210,1,KODEX 코스피TR,14395,2,75,0.52,14489.0,36.836999999999996,93,1,432,국내 시장지수,KODEX,False,False,False
368590,4,KBSTAR 미국나스닥100,11255,2,170,1.53,,,775478,8708,428,해외 주식,KBSTAR,False,False,False
272570,6,KBSTAR 중장기국공채액티브,104305,2,40,0.04,104285.0,0.3416,142,14,417,채권,KBSTAR,False,False,False
364990,2,TIGER KRX게임K-뉴딜,12510,2,180,1.46,12540.0,32.3671,120199,1491,413,국내 업종/테마,TIGER,False,False,False
356540,6,KINDEX KIS종합채권(AA-이상)액티브,99200,3,0,0.0,99218.0,-0.5913,0,0,397,채권,KINDEX,False,False,False
139250,2,TIGER 200 에너지화학,22715,2,255,1.14,22726.0,61.3505,24617,555,391,국내 업종/테마,TIGER,False,False,False
304770,1,HANARO 코스닥150,14980,2,55,0.37,15065.0,22.4364,1252,18,377,국내 시장지수,HANARO,False,False,False
228810,2,TIGER 미디어컨텐츠,6845,2,105,1.56,6841.0,30.2415,206947,1407,376,국내 업종/테마,TIGER,False,False,False
371450,4,TIGER 글로벌클라우드컴퓨팅INDXX,11410,2,180,1.6,,,126931,1446,374,해외 주식,TIGER,False,False,False
169950,4,KODEX 중국본토 A50,24840,2,180,0.73,,18.7861,20830,514,373,해외 주식,KODEX,False,False,False
363570,6,KODEX 장기종합채권(AA-이상)액티브KAP,98050,3,0,0.0,98056.0,-1.2787,0,0,371,채권,KODEX,False,False,False
099140,4,KODEX China H,23075,2,25,0.11,,14.4204,7684,176,369,해외 주식,KODEX,False,False,False
306520,3,HANARO 200선물인버스,8865,5,-80,-0.89,8868.0,-29.5947,18621,165,368,국내 파생,HANARO,True,False,False
304940,4,KODEX 미국나스닥100선물(H),17245,2,300,1.77,,19.9221,52765,907,354,해외 주식,KODEX,False,False,True
329750,6,TIGER 미국달러단기채권액티브,9555,5,-15,-0.16,,-1.4926,101042,964,353,채권,TIGER,False,False,False
280930,4,KODEX 미국러셀2000(H),13985,2,85,0.61,,38.0337,34927,487,350,해외 주식,KODEX,False,False,True
114100,6,KBSTAR 국고채3년,113565,5,-5,0.0,113569.0,0.3179,1026,116,341,채권,KBSTAR,False,False,False
261250,7,KODEX 미국달러선물레버리지,9035,5,-20,-0.22,9032.0,-2.8955,59849,539,341,기타,KODEX,False,True,False
114470,6,KOSEF 국고채3년,112975,2,60,0.05,112982.0,0.1729,253,28,339,채권,KOSEF,False,False,False
292160,1,TIGER KRX300,19860,2,180,0.91,19862.0,38.7968,430,8,338,국내 시장지수,TIGER,False,False,False
204450,4,KODEX China H 레버리지(H),8195,5,-15,-0.18,,35.7024,34159,277,336,해외 주식,KODEX,False,True,True
289040,2,KODEX MSCI KOREA ESG유니버설,12860,2,115,0.9,12926.0,38.4573,3530,45,334,국내 업종/테마,KODEX,False,False,False
252400,3,KBSTAR 200선물레버리지,25315,2,425,1.71,25347.0,92.1265,42158,1061,329,국내 파생,KBSTAR,False,True,False
203780,4,TIGER 미국나스닥바이오,21190,2,10,0.05,,22.8467,19229,408,318,해외 주식,TIGER,False,False,False
123320,3,TIGER 레버리지,26320,2,460,1.78,26355.0,92.7692,209352,5478,316,국내 파생,TIGER,False,True,False
354500,1,KINDEX 코스닥150,15025,2,85,0.57,15057.0,22.1087,646,9,316,국내 시장지수,KINDEX,False,False,False
316670,1,KOSEF 코스닥150,7460,3,0,0.0,7489.0,22.4958,532,3,307,국내 시장지수,KOSEF,False,False,False
276650,4,KBSTAR 글로벌4차산업IT(합성 H),20730,2,200,0.97,,21.1924,16485,341,290,해외 주식,KBSTAR,False,False,True
250780,3,TIGER 코스닥150선물인버스,4540,5,-10,-0.22,4545.0,-20.4546,894665,4082,288,국내 파생,TIGER,True,False,False
152870,1,파워 200,44035,2,400,0.92,44084.0,40.2152,459,20,286,국내 시장지수,파워,False,False,False
252420,3,KBSTAR 200선물인버스2X,2055,5,-40,-1.91,2052.0,-51.1656,1330950,2752,284,국내 파생,KBSTAR,True,False,False
138230,7,KOSEF 미국달러선물,11745,5,-5,-0.04,11742.0,-1.6408,6072,71,283,기타,KOSEF,False,False,False
361580,1,KBSTAR 200TR,21745,2,200,0.93,21762.0,40.2669,968,20,283,국내 시장지수,KBSTAR,False,False,False
223190,2,KODEX 200가치저변동,10845,2,60,0.56,10901.0,31.4442,17074,184,282,국내 업종/테마,KODEX,False,False,False
269540,4,ARIRANG 미국S&P500(H),15620,2,225,1.46,,15.578,13588,212,281,해외 주식,ARIRANG,False,False,True
217780,4,TIGER 차이나CSI300인버스(합성),7270,5,-30,-0.41,,-17.4209,12928,94,276,해외 주식,TIGER,True,False,False
225130,4,KINDEX 골드선물 레버리지(합성 H),18335,5,-355,-1.9,,-5.3911,36505,669,275,해외 주식,KINDEX,False,True,True
253250,3,KOSEF 200선물레버리지,24950,2,405,1.65,25000.0,91.9077,8082,200,274,국내 파생,KOSEF,False,True,False
200250,4,KOSEF 인도Nifty50(합성),15420,2,325,2.15,,23.1742,54093,830,270,해외 주식,KOSEF,False,False,False
363510,6,SMART KIS단기통안채,100185,2,15,0.01,100180.0,0.1099,15,1,267,채권,SMART,False,False,False
279530,2,KODEX 고배당,8780,2,75,0.86,8833.0,14.1639,4293,37,263,국내 업종/테마,KODEX,False,False,False
272910,6,KINDEX 중장기국공채액티브,102465,2,35,0.03,102479.0,-0.0147,2001,205,263,채권,KINDEX,False,False,False
139220,2,TIGER 200 건설,2825,2,80,2.91,2832.0,43.342,557309,1557,262,국내 업종/테마,TIGER,False,False,False
266420,2,KODEX 헬스케어,21810,5,-205,-0.93,21935.0,20.202,33351,724,262,국내 업종/테마,KODEX,False,False,False
227830,1,ARIRANG 코스피,32080,2,285,0.9,32186.0,37.3552,3136,101,257,국내 시장지수,ARIRANG,False,False,False
228800,2,TIGER 여행레저,4525,2,40,0.89,4521.0,18.9655,265360,1193,257,국내 업종/테마,TIGER,False,False,False
332620,6,ARIRANG 미국장기우량회사채,98570,5,-415,-0.42,,-1.3996,508,49,256,채권,ARIRANG,False,False,False
276970,4,KODEX 미국S&P고배당커버드콜(합성 H),9615,2,30,0.31,,12.6321,6290,60,250,해외 주식,KODEX,False,False,True
211900,2,KODEX 배당성장,15145,2,215,1.44,15160.0,25.6734,10676,160,250,국내 업종/테마,KODEX,False,False,False
244580,2,KODEX 바이오,16320,5,-100,-0.61,16441.0,27.2868,67065,1085,248,국내 업종/테마,KODEX,False,False,False
309230,2,KINDEX 미국WideMoat가치주,14295,2,205,1.45,,16.9294,14327,203,243,국내 업종/테마,KINDEX,False,False,False
227540,2,TIGER 200 헬스케어,29300,5,-180,-0.61,29309.0,15.6078,8258,240,240,국내 업종/테마,TIGER,False,False,False
266410,2,KODEX 필수소비재,9810,2,40,0.41,9815.0,14.8061,40218,393,235,국내 업종/테마,KODEX,False,False,False
278620,6,ARIRANG 단기채권액티브,105890,2,10,0.01,105891.0,0.2034,114,12,234,채권,ARIRANG,False,False,False
182490,6,TIGER 단기선진하이일드(합성 H),12235,2,75,0.62,,4.6471,1338,16,232,채권,TIGER,False,False,True
236350,4,TIGER 인도니프티50레버리지(합성),17810,2,565,3.28,,53.9045,40707,715,232,해외 주식,TIGER,False,True,False
329650,7,KODEX TRF3070,10905,2,35,0.32,10870.0,4.8721,29069,316,229,기타,KODEX,False,False,False
243890,2,TIGER 200에너지화학레버리지,26915,2,275,1.03,26995.0,153.7142,39581,1056,229,국내 업종/테마,TIGER,False,True,False
292730,1,FOCUS KRX300,19980,2,195,0.99,20024.0,38.3566,23,0,220,국내 시장지수,FOCUS,False,False,False
117460,2,KODEX 에너지화학,20830,2,195,0.94,20900.0,54.5692,31687,657,219,국내 업종/테마,KODEX,False,False,False
332610,6,ARIRANG 미국단기우량회사채,94820,2,190,0.2,,-1.6167,80,7,218,채권,ARIRANG,False,False,False
306950,3,KODEX KRX300레버리지,21785,2,335,1.56,21829.0,87.664,13904,300,218,국내 파생,KODEX,False,True,False
228790,2,TIGER 화장품,3675,2,10,0.27,3670.0,13.6434,218426,797,217,국내 업종/테마,TIGER,False,False,False
367740,2,HANARO Fn5G산업,12990,2,225,1.76,13007.0,31.2596,36402,470,214,국내 업종/테마,HANARO,False,False,False
139270,2,TIGER 200 금융,6120,5,-5,-0.08,6125.0,9.2774,81576,499,214,국내 업종/테마,TIGER,False,False,False
319640,4,TIGER 골드선물(H),13375,5,-130,-0.96,,-2.1377,23541,315,214,해외 주식,TIGER,False,False,True
237370,7,KODEX 배당성장채권혼합,11880,2,60,0.51,11875.0,7.8467,5927,70,214,기타,KODEX,False,False,False
285690,2,FOCUS ESG리더스,10850,2,110,1.02,10902.0,33.2506,387,4,212,국내 업종/테마,FOCUS,False,False,False
152380,6,KODEX 국채선물10년,70730,5,-30,-0.04,70735.0,-1.0073,5962,421,204,채권,KODEX,False,False,False
304660,6,KODEX 미국채울트라30년선물(H),12730,5,-55,-0.43,,-3.8361,15093,191,204,채권,KODEX,False,False,True
337150,2,KODEX 200exTOP,14485,2,175,1.22,14491.0,35.2551,1022,14,203,국내 업종/테마,KODEX,False,False,False
270800,2,KBSTAR KQ고배당,15330,2,130,0.86,15375.0,24.9486,52116,792,199,국내 업종/테마,KBSTAR,False,False,False
225800,3,KOSEF 미국달러선물레버리지,8600,5,-15,-0.17,8599.0,-3.3652,3513,30,199,국내 파생,KOSEF,False,True,False
108590,1,TREX 200,43435,2,390,0.91,43495.0,39.4847,31,1,195,국내 시장지수,TREX,False,False,False
138520,2,TIGER 삼성그룹펀더멘털,13030,2,55,0.42,13033.0,38.1789,16210,210,195,국내 업종/테마,TIGER,False,False,False
322410,2,HANARO 고배당,9085,2,25,0.28,9136.0,14.610999999999999,618,5,195,국내 업종/테마,HANARO,False,False,False
337120,2,KODEX Fn멀티팩터,14975,2,170,1.15,14961.0,37.1468,1826,27,195,국내 업종/테마,KODEX,False,False,False
114460,6,KINDEX 국고채3년,107370,2,80,0.07,107346.0,0.2101,49,5,193,채권,KINDEX,False,False,False
341850,7,TIGER KIS부동산인프라채권TR,5200,2,10,0.19,5204.0,-0.4794,3220,16,192,기타,TIGER,False,False,False
287180,4,ARIRANG 미국나스닥기술주,21000,2,425,2.07,,21.7095,27209,570,189,해외 주식,ARIRANG,False,False,False
230480,3,KOSEF 미국달러선물인버스2X,8880,2,25,0.28,8890.0,2.4884,1403,12,187,국내 파생,KOSEF,True,False,False
251590,2,ARIRANG 고배당저변동50,10120,2,90,0.9,10136.0,14.1718,3578,35,187,국내 업종/테마,ARIRANG,False,False,False
122090,1,ARIRANG 코스피50,30690,2,290,0.95,30722.0,41.9897,6472,197,184,국내 시장지수,ARIRANG,False,False,False
219900,4,KINDEX 중국본토CSI300레버리지(합성),6345,2,30,0.48,,39.0969,30985,197,184,해외 주식,KINDEX,False,True,False
138530,2,TIGER LG그룹+펀더멘털,11940,2,205,1.75,11979.0,47.0551,96157,1142,184,국내 업종/테마,TIGER,False,False,False
322400,2,HANARO e커머스,16540,2,285,1.75,16563.0,21.2155,35552,582,182,국내 업종/테마,HANARO,False,False,False
275290,2,KODEX MSCI밸류,12860,2,195,1.54,12849.0,35.0933,557,7,180,국내 업종/테마,KODEX,False,False,False
304760,1,HANARO KRX300,19720,2,250,1.28,19722.0,38.4976,187,3,177,국내 시장지수,HANARO,False,False,False
138910,5,KODEX 구리선물(H),6520,5,-40,-0.61,,14.9868,60873,397,176,원자재,KODEX,False,False,True
360140,2,KODEX 200롱코스닥150숏선물,11625,2,65,0.56,11631.0,12.5608,2018,23,174,국내 업종/테마,KODEX,False,False,False
218420,4,KODEX 미국S&P에너지(합성),5370,2,60,1.13,,36.5038,17422,92,169,해외 주식,KODEX,False,False,False
315270,2,TIGER 200커뮤니케이션서비스,29575,2,650,2.25,29626.0,23.8492,616,18,166,국내 업종/테마,TIGER,False,False,False
365040,1,TIGER AI코리아그로스액티브,13660,2,75,0.55,13715.0,38.1993,4372,59,164,국내 시장지수,TIGER,False,False,False
143460,2,KINDEX 밸류대형,10195,2,110,1.09,10190.0,40.2642,74,0,163,국내 업종/테마,KINDEX,False,False,False
256440,4,KINDEX 인도네시아MSCI(합성),9010,2,20,0.22,,21.159000000000002,27590,247,162,해외 주식,KINDEX,False,False,False
253160,3,ARIRANG 200선물인버스2X,4100,5,-75,-1.8,4091.0,-51.1125,296886,1225,162,국내 파생,ARIRANG,True,False,False
272230,2,KINDEX 스마트밸류,16010,2,180,1.14,16005.0,38.9205,1403,22,160,국내 업종/테마,KINDEX,False,False,False
153270,1,KOSEF 코스피100,33145,2,340,1.04,33151.0,39.6849,117,3,159,국내 시장지수,KOSEF,False,False,False
168300,1,KTOP 코스피50,30970,2,160,0.52,31124.0,41.2978,250,7,158,국내 시장지수,KTOP,False,False,False
280320,4,KINDEX 미국IT인터넷S&P(합성 H),19740,2,430,2.23,,17.4931,4227,83,158,해외 주식,KINDEX,False,False,True
183700,7,KBSTAR 채권혼합,64835,2,210,0.32,64833.0,11.4089,120,7,156,기타,KBSTAR,False,False,False
248270,4,TIGER S&P글로벌헬스케어(합성),15525,2,105,0.68,,10.9751,8578,132,155,해외 주식,TIGER,False,False,False
225050,4,TIGER 유로스탁스레버리지(합성 H),7750,2,250,3.33,,40.318000000000005,18654,144,155,해외 주식,TIGER,False,True,True
276990,4,KODEX 글로벌4차산업로보틱스(합성),18050,2,405,2.3,,34.9006,11962,214,153,해외 주식,KODEX,False,False,False
277540,4,KINDEX S&P아시아TOP50,16985,5,-5,-0.03,,29.5463,20231,342,153,해외 주식,KINDEX,False,False,False
210780,2,TIGER 코스피고배당,12050,2,170,1.43,12087.0,16.6994,42496,509,152,국내 업종/테마,TIGER,False,False,False
331910,2,KOSEF Fn중소형,21595,2,355,1.67,21570.0,23.6681,50,1,151,국내 업종/테마,KOSEF,False,False,False
279540,2,KODEX 최소변동성,12585,2,160,1.29,12593.0,19.3563,21,0,151,국내 업종/테마,KODEX,False,False,False
307010,3,KBSTAR KRX300레버리지,21530,2,290,1.37,21532.0,88.3813,1042,22,151,국내 파생,KBSTAR,False,True,False
253150,3,ARIRANG 200선물레버리지,50170,2,840,1.7,50244.0,92.2447,3326,166,151,국내 파생,ARIRANG,False,True,False
237350,1,KODEX 코스피100,33420,2,165,0.5,33572.0,39.6388,2766,92,150,국내 시장지수,KODEX,False,False,False
139230,2,TIGER 200 중공업,2760,2,25,0.91,2761.0,16.8803,124753,343,149,국내 업종/테마,TIGER,False,False,False
284430,6,KODEX 200미국채혼합,13270,5,-5,-0.04,13264.0,13.2679,19495,258,149,채권,KODEX,False,False,False
140950,1,파워 코스피100,33650,2,480,1.45,33563.0,40.1648,53,1,148,국내 시장지수,파워,False,False,False
271060,5,KODEX 3대농산물선물(H),9910,5,-150,-1.49,,25.0466,59303,590,143,원자재,KODEX,False,False,True
229720,1,KODEX KTOP30,23750,2,140,0.59,23869.0,40.9552,7817,184,143,국내 시장지수,KODEX,False,False,False
228820,1,TIGER KTOP30,11745,2,90,0.77,11791.0,41.3583,46303,540,141,국내 시장지수,TIGER,False,False,False
292750,1,ARIRANG KRX300,19995,2,280,1.42,19979.0,38.0602,34,0,140,국내 시장지수,ARIRANG,False,False,False
361590,2,KBSTAR 코스피ex200,12355,2,105,0.86,12411.0,24.1134,22,0,136,국내 업종/테마,KBSTAR,False,False,False
277650,2,TIGER 코스피중형주,15785,2,190,1.22,15799.0,27.0468,451,7,134,국내 업종/테마,TIGER,False,False,False
245350,4,TIGER 유로스탁스배당30,11105,2,5,0.05,,21.8842,2436,27,133,해외 주식,TIGER,False,False,False
159800,1,마이티 코스피100,33010,2,1335,4.21,33211.0,34.3584,206,6,132,국내 시장지수,마이티,False,False,False
152500,3,KINDEX 레버리지,10965,2,160,1.48,10984.0,92.7743,61527,670,132,국내 파생,KINDEX,False,True,False
261120,7,TIGER 미국달러선물인버스2X,10060,2,40,0.4,10049.0,2.3493,507,5,131,기타,TIGER,True,False,False
276000,4,TIGER 글로벌자원생산기업(합성 H),11880,2,145,1.24,,25.5751,762,9,131,해외 주식,TIGER,False,False,True
300950,2,KODEX 게임산업,14500,2,250,1.75,14564.0,24.183000000000003,15695,226,131,국내 업종/테마,KODEX,False,False,False
239660,6,ARIRANG 우량회사채50 1년,108540,2,15,0.01,108535.0,0.2633,732,79,130,채권,ARIRANG,False,False,False
272220,2,KINDEX 스마트모멘텀,18570,2,140,0.76,18563.0,40.0455,103,1,130,국내 업종/테마,KINDEX,False,False,False
253290,7,KBSTAR 헬스케어채권혼합,12825,5,-15,-0.12,12829.0,6.1157,11667,149,128,기타,KBSTAR,False,False,False
285000,2,KBSTAR 200IT,18245,2,190,1.05,18317.0,58.795,2412,43,128,국내 업종/테마,KBSTAR,False,False,False
308620,6,KODEX 미국채10년선물,11515,5,-65,-0.56,,-1.8645,21133,243,127,채권,KODEX,False,False,False
248260,4,TIGER 일본TOPIX헬스케어(합성),12595,5,-20,-0.16,,10.755,9,0,126,해외 주식,TIGER,False,False,False
244620,2,KODEX 모멘텀Plus,12590,2,90,0.72,12645.0,18.4272,1041,13,126,국내 업종/테마,KODEX,False,False,False
104520,2,KOSEF 블루칩,10435,2,75,0.72,10434.0,30.6431,43950,457,125,국내 업종/테마,KOSEF,False,False,False
360150,2,KODEX 코스닥150롱코스피200숏선물,8340,5,-60,-0.71,8342.0,-12.3174,850,7,125,국내 업종/테마,KODEX,False,False,False
241180,4,TIGER 일본니케이225,17830,2,185,1.05,,19.36,1659,29,125,해외 주식,TIGER,False,False,False
368680,2,KODEX Fn K-뉴딜디지털플러스,13820,2,240,1.77,13808.0,,117091,1609,124,국내 업종/테마,KODEX,False,False,False
100910,1,KOSEF KRX100,6895,2,50,0.73,6911.0,39.4093,401,2,124,국내 시장지수,KOSEF,False,False,False
364690,1,KODEX 혁신기술테마액티브,13700,2,185,1.37,13731.0,37.2081,10906,149,123,국내 시장지수,KODEX,False,False,False
167860,6,KOSEF 국고채10년레버리지,133650,5,-210,-0.16,133607.0,-1.6842,130,17,120,채권,KOSEF,False,True,False
277640,2,TIGER 코스피대형주,15820,2,150,0.96,15880.0,39.1281,690,10,119,국내 업종/테마,TIGER,False,False,False
316300,7,KINDEX 싱가포르리츠,11840,2,135,1.15,,10.8428,8477,99,118,기타,KINDEX,False,False,False
329670,7,KODEX TRF7030,11815,2,60,0.51,11746.0,11.7395,6655,78,118,기타,KODEX,False,False,False
117680,2,KODEX 철강,7330,2,25,0.34,7350.0,23.1871,57591,421,118,국내 업종/테마,KODEX,False,False,False
225060,4,TIGER 이머징마켓MSCI레버리지(합성 H),16805,2,310,1.88,,52.4491,9177,153,118,해외 주식,TIGER,False,True,True
251600,7,ARIRANG 고배당주채권혼합,10440,2,45,0.43,10435.0,4.4198,12685,132,115,기타,ARIRANG,False,False,False
269420,4,KODEX S&P글로벌인프라(합성),10960,2,140,1.29,,11.9503,4573,49,114,해외 주식,KODEX,False,False,False
213610,2,KODEX 삼성그룹밸류,9470,3,0,0.0,9489.0,28.9312,67886,643,114,국내 업종/테마,KODEX,False,False,False
329660,7,KODEX TRF5050,11360,2,20,0.18,11321.0,8.2577,20466,232,114,기타,KODEX,False,False,False
265690,4,KINDEX 러시아MSCI(합성),25190,2,300,1.21,,25.0753,8443,211,113,해외 주식,KINDEX,False,False,False
183710,7,KBSTAR 주식혼합,45265,2,310,0.69,45278.0,26.9162,61,2,113,기타,KBSTAR,False,False,False
238720,4,KINDEX 일본Nikkei225(H),18785,2,170,0.91,,22.2258,62,1,113,해외 주식,KINDEX,False,False,True
139660,7,KOSEF 미국달러선물인버스,10755,2,30,0.28,10752.0,1.1315,167,1,112,기타,KOSEF,True,False,False
237440,7,TIGER 경기방어채권혼합,10160,2,10,0.1,10154.0,5.6521,8991,91,112,기타,TIGER,False,False,False
371130,4,KINDEX 블룸버그베트남VN30선물레버리지(H),12320,2,855,7.46,,,113885,1372,111,해외 주식,KINDEX,False,True,True
234310,2,KBSTAR V&S셀렉트밸류,15660,2,105,0.68,15760.0,33.2904,8335,130,110,국내 업종/테마,KBSTAR,False,False,False
319870,2,KBSTAR KRX300미국달러선물혼합,15640,2,190,1.23,15598.0,35.2889,93,1,109,국내 업종/테마,KBSTAR,False,False,False
322150,2,KINDEX 스마트하이베타,15510,2,145,0.94,15507.0,45.1582,258,3,109,국내 업종/테마,KINDEX,False,False,False
371150,4,KBSTAR 차이나항셍테크,12615,2,115,0.92,,,137977,1727,107,해외 주식,KBSTAR,False,False,False
352560,7,KODEX 다우존스미국리츠(H),11820,2,60,0.51,,13.5683,5168,61,106,기타,KODEX,False,False,True
322130,2,KINDEX 스마트로우볼,17630,2,185,1.06,17623.0,35.3374,22,0,106,국내 업종/테마,KINDEX,False,False,False
261070,2,TIGER 코스닥150바이오테크,14600,5,-185,-1.25,14821.0,18.4221,12665,183,105,국내 업종/테마,TIGER,False,False,False
261060,2,TIGER 코스닥150IT,16900,2,275,1.65,16954.0,25.6139,3122,52,105,국내 업종/테마,TIGER,False,False,False
225030,4,TIGER 미국S&P500선물인버스(H),4420,5,-65,-1.45,,-14.49,99152,439,104,해외 주식,TIGER,True,False,True
373490,2,KODEX K-이노베이션액티브,12175,2,190,1.59,12176.0,,34412,416,103,국내 업종/테마,KODEX,False,False,False
252730,2,KBSTAR 모멘텀로우볼,17175,2,285,1.69,17172.0,43.0749,10,0,103,국내 업종/테마,KBSTAR,False,False,False
342140,7,KINDEX 모닝스타싱가포르리츠채권혼합,10085,2,35,0.35,,2.8659,32,0,101,기타,KINDEX,False,False,False
266160,2,KBSTAR 고배당,11810,2,60,0.51,11813.0,25.1864,39623,464,100,국내 업종/테마,KBSTAR,False,False,False
365780,6,KINDEX 국고채10년,98380,5,-75,-0.08,98365.0,-0.7591,50,4,100,채권,KINDEX,False,False,False
322120,2,KINDEX 스마트퀄리티,20010,2,205,1.04,19995.0,40.262,50,0,100,국내 업종/테마,KINDEX,False,False,False
333970,2,ARIRANG KS밸류가중TR,15385,2,185,1.22,15385.0,33.6263,736,11,100,국내 업종/테마,ARIRANG,False,False,False
208470,4,SMART 선진국MSCI World(합성 H),16595,2,180,1.1,,16.5838,101,1,100,해외 주식,SMART,False,False,True
160580,5,TIGER 구리실물,8050,5,-95,-1.17,,14.5569,10718,86,99,원자재,TIGER,False,False,False
205720,4,KINDEX 일본TOPIX인버스(합성 H),4685,5,-40,-0.85,,-13.3028,5953,27,98,해외 주식,KINDEX,True,False,True
196030,4,KINDEX 일본TOPIX레버리지(H),19445,2,570,3.02,,30.3072,2155,41,97,해외 주식,KINDEX,False,True,True
220130,4,SMART 중국본토 중소형 CSI500(합성 H),5400,2,35,0.65,,8.3838,1253,6,97,해외 주식,SMART,False,False,True
157500,2,TIGER 증권,4620,2,15,0.33,4624.0,23.9569,21911,101,97,국내 업종/테마,TIGER,False,False,False
307510,2,TIGER 의료기기,19295,5,-65,-0.34,19438.0,-4.0872,914,17,96,국내 업종/테마,TIGER,False,False,False
300640,2,KBSTAR 게임테마,14770,2,295,2.04,14779.0,23.4015,49830,728,96,국내 업종/테마,KBSTAR,False,False,False
252650,1,KODEX 200동일가중,11810,2,25,0.21,11982.0,29.5054,9,0,94,국내 시장지수,KODEX,False,False,False
101280,4,KODEX 일본TOPIX100,15700,2,145,0.93,,13.8726,1943,30,94,해외 주식,KODEX,False,False,False
333960,2,ARIRANG KS모멘텀가중TR,16860,2,265,1.6,16860.0,36.9789,794,13,93,국내 업종/테마,ARIRANG,False,False,False
195920,4,TIGER 일본TOPIX(합성 H),15425,2,200,1.31,,14.819,442,6,93,해외 주식,TIGER,False,False,True
315480,2,KBSTAR 200커뮤니케이션서비스,18295,2,330,1.84,18419.0,23.5132,3192,58,91,국내 업종/테마,KBSTAR,False,False,False
152280,1,KOSEF 200 선물,19400,2,180,0.94,19401.0,39.4775,84,1,91,국내 시장지수,KOSEF,False,False,False
200030,4,KODEX 미국S&P산업재(합성),17035,2,235,1.4,,10.9643,2641,44,91,해외 주식,KODEX,False,False,False
337160,2,KODEX 200ESG,15130,2,170,1.14,15127.0,41.1986,66688,1007,91,국내 업종/테마,KODEX,False,False,False
352540,7,KODEX TSE일본리츠(H),11330,2,40,0.35,,11.7821,209,2,91,기타,KODEX,False,False,True
105780,2,KBSTAR 5대그룹주,9035,2,155,1.75,9055.0,47.7537,25110,226,90,국내 업종/테마,KBSTAR,False,False,False
137930,3,마이다스 200커버드콜5%OTM,14910,2,140,0.95,15055.0,17.3619,42,0,89,국내 파생,마이다스,False,False,False
138920,5,KODEX 콩선물(H),11145,5,-130,-1.15,,28.5632,6331,70,89,원자재,KODEX,False,False,True
185680,4,KODEX 미국S&P바이오(합성),39355,2,675,1.75,,38.3404,2689,106,89,해외 주식,KODEX,False,False,False
346000,6,HANARO KAP초장기국고채,48110,5,-160,-0.33,48171.0,-2.8363,207,9,89,채권,HANARO,False,False,False
310080,4,KBSTAR 중국MSCI China선물(H),15995,5,-160,-0.99,,17.9197,13576,217,88,해외 주식,KBSTAR,False,False,True
140700,2,KODEX 보험,5485,5,-35,-0.63,5483.0,6.7698,23883,131,88,국내 업종/테마,KODEX,False,False,False
170350,2,TIGER 베타플러스,19865,2,195,0.99,19911.0,45.4343,90,1,87,국내 업종/테마,TIGER,False,False,False
105010,4,TIGER 라틴35,3120,2,35,1.13,,32.5741,26459,82,87,해외 주식,TIGER,False,False,False
375270,7,KBSTAR 글로벌데이터센터리츠나스닥(합성),10910,2,60,0.55,,,216085,2357,87,기타,KBSTAR,False,False,False
275280,2,KODEX MSCI모멘텀,14535,2,285,2.0,14533.0,37.5482,205,2,87,국내 업종/테마,KODEX,False,False,False
371870,4,KINDEX 차이나항셍테크,12455,2,70,0.57,,,12576,155,87,해외 주식,KINDEX,False,False,False
261140,2,TIGER 우선주,15920,2,235,1.5,15935.0,45.7713,2143,33,86,국내 업종/테마,TIGER,False,False,False
298340,6,ARIRANG 국채선물3년,53545,5,-15,-0.03,53567.0,0.2151,1,0,86,채권,ARIRANG,False,False,False
354350,4,HANARO 글로벌럭셔리S&P(합성),15370,2,185,1.22,,27.6586,22117,339,85,해외 주식,HANARO,False,False,False
256450,4,ARIRANG 심천차이넥스트(합성),14065,2,170,1.22,,21.8859,5035,70,84,해외 주식,ARIRANG,False,False,False
253230,3,KOSEF 200선물인버스2X,2045,5,-30,-1.45,2037.0,-51.3482,227857,468,84,국내 파생,KOSEF,True,False,False
354240,7,KBSTAR 미국고정배당우선증권ICE TR,9900,2,40,0.41,,0.715,1475,14,84,기타,KBSTAR,False,False,False
291630,3,KOSEF 코스닥150선물레버리지,6945,2,45,0.65,6920.0,49.028,8742,60,84,국내 파생,KOSEF,False,True,False
292560,7,TIGER 일본엔선물,10500,2,45,0.43,10500.0,-2.2898,307,3,84,기타,TIGER,False,False,False
131890,2,KINDEX 삼성그룹동일가중,16665,2,5,0.03,16648.0,21.6946,585,9,83,국내 업종/테마,KINDEX,False,False,False
266550,2,ARIRANG 중형주저변동50,11100,2,115,1.05,11161.0,24.1242,2378,26,83,국내 업종/테마,ARIRANG,False,False,False
145850,2,TREX 펀더멘탈 200,41530,2,500,1.22,41501.0,38.0319,3,0,83,국내 업종/테마,TREX,False,False,False
251890,1,KINDEX 코스닥(합성),13820,3,0,0.0,13969.0,19.2921,0,0,83,국내 시장지수,KINDEX,False,False,False
280920,2,ARIRANG 주도업종,12710,2,255,2.05,12710.0,43.5734,2696,34,83,국내 업종/테마,ARIRANG,False,False,False
368470,2,KINDEX Fn K-뉴딜디지털플러스,16495,2,270,1.66,16501.0,,1379,22,82,국내 업종/테마,KINDEX,False,False,False
333940,2,ARIRANG KS로우볼가중TR,13435,2,125,0.94,13432.0,26.4608,793,10,81,국내 업종/테마,ARIRANG,False,False,False
117690,4,TIGER 차이나항셍25,17880,5,-55,-0.31,,17.9391,2726,48,80,해외 주식,TIGER,False,False,False
281990,2,KBSTAR 중소형고배당,11490,2,215,1.91,11494.0,24.2424,12783,145,80,국내 업종/테마,KBSTAR,False,False,False
305050,1,KINDEX 코스피,32070,2,335,1.06,32063.0,37.0546,225,7,80,국내 시장지수,KINDEX,False,False,False
181480,7,KINDEX 미국다우존스리츠(합성 H),80115,2,935,1.18,,12.2961,558,44,80,기타,KINDEX,False,False,True
333980,2,ARIRANG KS퀄리티가중TR,15985,2,190,1.2,15980.0,31.5154,779,12,80,국내 업종/테마,ARIRANG,False,False,False
174350,2,TIGER 로우볼,11380,2,75,0.66,11379.0,14.4694,2025,22,80,국내 업종/테마,TIGER,False,False,False
139320,5,TIGER 금은선물(H),9940,5,-170,-1.68,,-0.4922,20968,208,80,원자재,TIGER,False,False,True
227570,2,TIGER 우량가치,10960,2,225,2.1,10962.0,19.4769,11882,129,79,국내 업종/테마,TIGER,False,False,False
139290,2,TIGER 200 경기소비재,20525,2,845,4.29,20533.0,39.2781,10931,224,78,국내 업종/테마,TIGER,False,False,False
211260,2,KINDEX 배당성장,38080,2,595,1.59,38061.0,26.1484,33,1,76,국내 업종/테마,KINDEX,False,False,False
145670,3,KINDEX 인버스,4720,5,-40,-0.84,4715.0,-29.5858,82646,390,76,국내 파생,KINDEX,True,False,False
102960,2,KODEX 기계장비,4830,2,35,0.73,4825.0,22.6342,7263,34,75,국내 업종/테마,KODEX,False,False,False
166400,3,TIGER 200커버드콜5%OTM,15065,3,0,0.0,15293.0,19.9442,0,0,75,국내 파생,TIGER,False,False,False
241390,7,KBSTAR V&S셀렉트밸류채권혼합,12410,2,40,0.32,12402.0,13.9987,19217,237,74,기타,KBSTAR,False,False,False
140710,2,KODEX 운송,5305,2,105,2.02,5315.0,31.9796,40648,215,74,국내 업종/테마,KODEX,False,False,False
266390,2,KODEX 경기소비재,12370,2,190,1.56,12387.0,28.5488,24272,297,74,국내 업종/테마,KODEX,False,False,False
289250,2,TIGER MSCI KOREA ESG유니버설,13015,2,135,1.05,13025.0,40.2439,256,3,74,국내 업종/테마,TIGER,False,False,False
261110,7,TIGER 미국달러선물레버리지,9115,5,-40,-0.44,9113.0,-2.7099,791,7,73,기타,TIGER,False,True,False
189400,4,ARIRANG 글로벌MSCI(합성 H),16175,2,230,1.44,,16.9845,1921,30,73,해외 주식,ARIRANG,False,False,True
215620,2,흥국 S&P코리아로우볼,10475,3,0,0.0,10645.0,17.3669,0,0,72,국내 업종/테마,흥국,False,False,False
373790,4,KOSEF 미국방어배당성장나스닥,10275,3,0,0.0,,,383,3,72,해외 주식,KOSEF,False,False,False
292130,2,TIGER 중소형성장,11875,2,115,0.98,11919.0,17.8356,2248,26,71,국내 업종/테마,TIGER,False,False,False
295000,6,KBSTAR 국채선물10년,56355,5,-25,-0.04,56346.0,-0.94,162,9,71,채권,KBSTAR,False,False,False
253280,2,KBSTAR 헬스케어,17730,5,-190,-1.06,17779.0,19.6661,2721,48,71,국내 업종/테마,KBSTAR,False,False,False
147970,2,TIGER 모멘텀,23510,2,495,2.15,23491.0,29.0874,823,19,71,국내 업종/테마,TIGER,False,False,False
309210,2,ARIRANG KRX300헬스케어,15290,5,-150,-0.97,15396.0,22.0071,5044,76,70,국내 업종/테마,ARIRANG,False,False,False
306530,3,HANARO 코스닥150선물레버리지,14035,2,130,0.93,14037.0,48.7961,21444,298,70,국내 파생,HANARO,False,True,False
292140,2,TIGER 중소형가치,11600,2,150,1.31,11622.0,30.7077,756,8,70,국내 업종/테마,TIGER,False,False,False
302170,6,TIGER 국채선물3년인버스,49655,3,0,0.0,49647.0,0.0503,0,0,70,채권,TIGER,True,False,False
314700,2,HANARO 농업융복합산업,12550,2,340,2.78,12561.0,25.1024,2492,31,69,국내 업종/테마,HANARO,False,False,False
213630,4,ARIRANG 미국다우존스고배당주(합성 H),13020,2,150,1.17,,17.9651,1051,13,69,해외 주식,ARIRANG,False,False,True
275300,2,KODEX MSCI퀄리티,11465,5,-80,-0.69,11515.0,12.6891,82,0,69,국내 업종/테마,KODEX,False,False,False
368200,2,KBSTAR Fn K-뉴딜디지털플러스,13750,2,195,1.44,13807.0,,3366,46,69,국내 업종/테마,KBSTAR,False,False,False
104530,2,KOSEF 고배당,7565,2,105,1.41,7564.0,8.1159,733,5,68,국내 업종/테마,KOSEF,False,False,False
292100,2,TIGER 대형성장,13550,2,90,0.67,13595.0,37.6278,245,3,68,국내 업종/테마,TIGER,False,False,False
211560,2,TIGER 배당성장,18795,2,290,1.57,18802.0,25.9614,1518,28,68,국내 업종/테마,TIGER,False,False,False
192720,2,파워 고배당저변동성,28150,2,440,1.59,28133.0,17.9902,252,7,68,국내 업종/테마,파워,False,False,False
291130,4,KINDEX 멕시코MSCI(합성),8440,2,140,1.69,,17.814,1041,8,68,해외 주식,KINDEX,False,False,False
238670,7,ARIRANG 스마트베타Quality채권혼합,11095,2,55,0.5,11092.0,7.3407,2096,23,67,기타,ARIRANG,False,False,False
252000,1,TIGER 200동일가중,12090,2,120,1.0,12124.0,29.6858,9,0,66,국내 시장지수,TIGER,False,False,False
296710,2,KODEX FnKorea50,11060,2,90,0.82,11124.0,28.6049,195,2,66,국내 업종/테마,KODEX,False,False,False
098560,2,TIGER 방송통신,8020,2,40,0.5,8033.0,17.0946,12694,101,66,국내 업종/테마,TIGER,False,False,False
301440,2,ARIRANG 코스피중형주,11730,2,225,1.96,11729.0,25.9441,220,2,65,국내 업종/테마,ARIRANG,False,False,False
373530,4,ARIRANG 신흥국MSCI인버스(합성 H),8945,5,-50,-0.56,,,25,0,64,해외 주식,ARIRANG,True,False,True
244660,2,KODEX 퀄리티Plus,10695,5,-20,-0.19,10768.0,19.0555,109,1,64,국내 업종/테마,KODEX,False,False,False
287300,2,KBSTAR 200건설,11435,2,325,2.93,11483.0,45.3237,4040,45,64,국내 업종/테마,KBSTAR,False,False,False
289670,6,ARIRANG 국채선물10년,57170,5,-35,-0.06,57180.0,-0.9523,4,0,64,채권,ARIRANG,False,False,False
289480,2,TIGER 200커버드콜ATM,10630,3,0,0.0,10833.0,9.4747,0,0,64,국내 업종/테마,TIGER,False,False,False
292110,2,TIGER 대형가치,12530,2,75,0.6,12601.0,40.18,359,4,63,국내 업종/테마,TIGER,False,False,False
226980,1,KODEX 200 중소형,12515,2,165,1.34,12561.0,31.8739,6472,80,63,국내 시장지수,KODEX,False,False,False
342600,6,KBSTAR KRX국채선물3년10년스티프너2X,51885,2,35,0.07,51881.0,0.9343,7,0,62,채권,KBSTAR,False,False,False
342500,6,KBSTAR KRX국채선물3년10년스티프너,51130,2,20,0.04,51118.0,0.5113,7,0,61,채권,KBSTAR,False,False,False
176710,6,파워 중기국고채,101885,3,0,0.0,101939.0,0.1819,0,0,61,채권,파워,False,False,False
291890,4,KODEX MSCI EM선물(H),11090,5,-15,-0.14,,24.6352,1394,15,61,해외 주식,KODEX,False,False,True
226380,2,KINDEX Fn성장소비주도주,7470,2,40,0.54,7512.0,18.88,1979,14,60,국내 업종/테마,KINDEX,False,False,False
342610,6,KBSTAR KRX국채선물3년10년플래트너,49735,5,-15,-0.03,49722.0,-0.3007,6,0,60,채권,KBSTAR,False,False,False
267440,4,KBSTAR 미국장기국채선물(H),11895,3,0,0.0,,-2.9772,573,6,59,해외 주식,KBSTAR,False,False,True
195970,4,ARIRANG 선진국MSCI(합성 H),11390,2,130,1.15,,19.7235,5565,63,59,해외 주식,ARIRANG,False,False,True
342620,6,KBSTAR KRX국채선물3년10년플래트너2X,49145,5,-30,-0.06,49146.0,-0.6064,6,0,59,채권,KBSTAR,False,False,False
302180,6,TIGER 국채선물10년인버스,47585,3,0,0.0,47612.0,1.1585,0,0,57,채권,TIGER,True,False,False
260200,2,KOSEF 배당바이백Plus,16260,2,125,0.77,16256.0,29.8591,74,1,57,국내 업종/테마,KOSEF,False,False,False
217790,2,TIGER 가격조정,25560,2,280,1.11,25574.0,25.8462,5,0,56,국내 업종/테마,TIGER,False,False,False
300290,2,KBSTAR 중소형모멘텀밸류,12410,2,180,1.47,12428.0,25.6291,15,0,56,국내 업종/테마,KBSTAR,False,False,False
260270,2,KOSEF 저PBR가중,15770,2,230,1.48,15768.0,34.5454,957,14,55,국내 업종/테마,KOSEF,False,False,False
261270,7,KODEX 미국달러선물인버스,10295,2,15,0.15,10316.0,1.0816,113044,1164,55,기타,KODEX,True,False,False
261920,4,KINDEX 필리핀MSCI(합성),13620,2,60,0.44,,9.2227,201,2,54,해외 주식,KINDEX,False,False,False
250730,4,KBSTAR 차이나HSCEI(H),13315,3,0,0.0,,16.5936,2566,33,53,해외 주식,KBSTAR,False,False,True
301410,3,ARIRANG 코스닥150선물인버스,7025,5,-30,-0.43,7028.0,-20.3725,31736,223,53,국내 파생,ARIRANG,True,False,False
334690,5,KBSTAR 팔라듐선물(H),13055,5,-85,-0.65,,-1.3884,12069,157,52,원자재,KBSTAR,False,False,True
326230,2,KBSTAR 내수주플러스,10845,2,45,0.42,10917.0,18.2913,2247,24,52,국내 업종/테마,KBSTAR,False,False,False
300610,2,TIGER K게임,13000,2,205,1.6,13009.0,25.997,6009,77,52,국내 업종/테마,TIGER,False,False,False
284990,2,KBSTAR 200에너지화학,15050,2,190,1.28,15043.0,60.9095,7767,116,51,국내 업종/테마,KBSTAR,False,False,False
091220,2,TIGER 은행,6350,2,20,0.32,6357.0,6.1012,25537,163,51,국내 업종/테마,TIGER,False,False,False
292770,6,KODEX 국채선물3년인버스,49640,3,0,0.0,49628.0,0.1412,0,0,51,채권,KODEX,True,False,False
269370,4,TIGER S&P글로벌인프라(합성),9945,2,185,1.9,,12.2355,169,1,50,해외 주식,TIGER,False,False,False
217770,4,TIGER 원유선물인버스(H),8285,5,-110,-1.31,,-36.9982,1778,14,50,해외 주식,TIGER,True,False,True
299080,6,KINDEX 국채선물3년인버스,99170,3,0,0.0,99156.0,0.0252,0,0,50,채권,KINDEX,True,False,False
333950,2,ARIRANG KS로우사이즈가중TR,16465,2,255,1.57,16462.0,34.3555,222,3,49,국내 업종/테마,ARIRANG,False,False,False
292340,2,마이티 200커버드콜ATM레버리지,9840,2,95,0.97,9929.0,20.7558,183,1,49,국내 업종/테마,마이티,False,True,False
275750,1,KBSTAR 코스닥150선물인버스,4685,3,0,0.0,4682.0,-20.5259,30321,142,49,국내 시장지수,KBSTAR,True,False,False
307520,2,TIGER 지주회사,12265,2,60,0.49,12259.0,27.935,5749,69,49,국내 업종/테마,TIGER,False,False,False
261260,7,KODEX 미국달러선물인버스2X,10080,2,40,0.4,10084.0,2.2403,6221,62,48,기타,KODEX,True,False,False
290080,2,KBSTAR 200고배당커버드콜ATM,6865,2,95,1.4,6856.0,-5.9723,67,0,48,국내 업종/테마,KBSTAR,False,False,False
299070,6,KINDEX 국채선물10년인버스,94000,3,0,0.0,94059.0,1.1133,0,0,47,채권,KINDEX,True,False,False
291610,1,KOSEF 코스닥150선물,9750,2,35,0.36,9734.0,23.2868,3151,30,47,국내 시장지수,KOSEF,False,False,False
244670,2,KODEX 밸류Plus,9285,2,110,1.2,9324.0,26.5517,557,5,46,국내 업종/테마,KODEX,False,False,False
291660,4,KODEX China H선물인버스(H),9140,2,40,0.44,,-16.0517,114,1,46,해외 주식,KODEX,True,False,True
252410,3,KBSTAR 200선물인버스,5000,5,-50,-0.99,4990.0,-29.3213,14883,74,45,국내 파생,KBSTAR,True,False,False
252720,2,KBSTAR 모멘텀밸류,14720,2,125,0.86,14783.0,37.6886,1165,17,44,국내 업종/테마,KBSTAR,False,False,False
295820,1,ARIRANG 200동일가중,11000,2,180,1.66,10994.0,29.1169,193,2,44,국내 시장지수,ARIRANG,False,False,False
304670,4,KODEX 미국채울트라30년선물인버스(H),7300,2,30,0.41,,3.1937,1399,10,44,해외 주식,KODEX,True,False,True
271050,5,KODEX WTI원유선물인버스(H),11655,5,-145,-1.23,,-36.0607,14670,170,44,원자재,KODEX,True,False,True
287330,2,KBSTAR 200생활소비재,8895,2,65,0.74,8894.0,14.3782,161,1,43,국내 업종/테마,KBSTAR,False,False,False
291620,3,KOSEF 코스닥150선물인버스,8040,5,-35,-0.43,8040.0,-20.1681,7536,60,43,국내 파생,KOSEF,True,False,False
227560,2,TIGER 200 생활소비재,11680,2,65,0.56,11676.0,15.0,14697,171,42,국내 업종/테마,TIGER,False,False,False
321410,7,KODEX 멀티에셋하이인컴(H),10400,2,45,0.43,,6.2051,913,9,42,기타,KODEX,False,False,True
227550,2,TIGER 200 산업재,5920,2,80,1.37,5952.0,34.5622,2819,16,41,국내 업종/테마,TIGER,False,False,False
292570,7,TIGER 일본엔선물레버리지,10355,5,-10,-0.1,10335.0,-3.9389,219,2,41,기타,TIGER,False,True,False
267490,4,KBSTAR 미국장기국채선물레버리지(합성 H),13575,5,-70,-0.51,,-6.0586,505,6,41,해외 주식,KBSTAR,False,True,True
253240,3,KOSEF 200선물인버스,5005,5,-50,-0.99,4986.0,-29.4488,16302,81,41,국내 파생,KOSEF,True,False,False
278420,2,ARIRANG ESG우수기업,8995,2,120,1.35,9016.0,17.2391,2876,25,40,국내 업종/테마,ARIRANG,False,False,False
267450,4,KBSTAR 미국장기국채선물인버스(H),7915,2,15,0.19,,2.4643,11,0,40,해외 주식,KBSTAR,True,False,True
300280,2,KBSTAR 중소형모멘텀로우볼,11185,2,215,1.96,11199.0,21.9566,5,0,39,국내 업종/테마,KBSTAR,False,False,False
140570,2,KBSTAR 수출주,13035,2,195,1.52,13036.0,42.3503,125,1,39,국내 업종/테마,KBSTAR,False,False,False
295020,6,KBSTAR 국채선물10년인버스,46895,2,25,0.05,46877.0,1.0891,6,0,38,채권,KBSTAR,True,False,False
292580,7,TIGER 일본엔선물인버스,9410,5,-55,-0.58,9468.0,1.7741,10001,94,38,기타,TIGER,True,False,False
301400,1,ARIRANG 코스닥150,14960,2,55,0.37,15047.0,22.3225,4506,67,37,국내 시장지수,ARIRANG,False,False,False
269530,4,ARIRANG S&P글로벌인프라,10430,2,115,1.11,,9.734,1895,19,37,해외 주식,ARIRANG,False,False,False
139240,2,TIGER 200 철강소재,7565,5,-10,-0.13,7583.0,26.1448,8725,65,36,국내 업종/테마,TIGER,False,False,False
291680,4,KBSTAR 차이나H선물인버스(H),8980,2,50,0.56,,-16.4249,158,1,36,해외 주식,KBSTAR,True,False,True
280940,4,KODEX 골드선물인버스(H),7140,2,85,1.2,,0.42700000000000005,4442,31,36,해외 주식,KODEX,True,False,True
140580,2,KBSTAR 우량업종,11725,2,100,0.86,11740.0,25.4045,618,7,35,국내 업종/테마,KBSTAR,False,False,False
292590,7,TIGER 일본엔선물인버스2X,8510,2,25,0.29,8510.0,2.9108,255,2,34,기타,TIGER,True,False,False
139310,5,TIGER 금속선물(H),5595,5,-5,-0.09,,11.665,1541,8,34,원자재,TIGER,False,False,True
309170,2,ARIRANG KRX300IT,20715,2,135,0.66,20712.0,52.614,283,5,29,국내 업종/테마,ARIRANG,False,False,False
287310,2,KBSTAR 200경기소비재,12715,2,485,3.97,12766.0,39.9313,1774,22,25,국내 업종/테마,KBSTAR,False,False,False
284980,2,KBSTAR 200금융,7705,2,35,0.46,7707.0,8.4865,4289,33,23,국내 업종/테마,KBSTAR,False,False,False
285010,2,KBSTAR 200중공업,8485,2,20,0.24,8481.0,16.7586,282,2,22,국내 업종/테마,KBSTAR,False,False,False
334700,5,KBSTAR 팔라듐선물인버스(H),5495,2,30,0.55,,-1.5316,1816,9,22,원자재,KBSTAR,True,False,True
267500,4,KBSTAR 미국장기국채선물인버스2X(합성 H),6030,2,30,0.5,,4.8951,4614,27,18,해외 주식,KBSTAR,True,False,True
285020,2,KBSTAR 200철강소재,7245,2,25,0.35,7246.0,25.5652,3443,24,17,국내 업종/테마,KBSTAR,False,False,False
287320,2,KBSTAR 200산업재,10750,2,220,2.09,10776.0,33.1226,47,0,13,국내 업종/테마,KBSTAR,False,False,False
